department,average_work_hours,average_productivity
sales,8.020833333333332,1.0865607072628722
hr,7.083333333333332,0.6724275273213545
marketing,5.8194444444444455,0.5101179014222493
finance,8.208333333333332,1.0968367346938777
it,7.895833333333332,1.0138317062818336
