employee_id,employee_name,average_work_hours,average_productivity
108,divya,6.916666666666667,0.7238372093023255
101,arun,7.958333333333332,0.9424342105263158
105,rahul,7.708333333333332,0.9730014025245443
104,sana,5.5,0.45548654244306414
109,ajay,8.333333333333332,1.2001200120012
110,nisha,6.458333333333334,0.6193806193806194
103,karthik,8.166666666666666,1.1632653061224492
107,vikram,8.25,1.0304081632653062
102,priya,7.25,0.6210178453403834
106,meena,7.833333333333332,1.0852292020373513
