employee_id,effective_work_hours,productivity_score
101,7.958333333333333,0.9425
102,7.25,0.62
103,8.166666666666666,1.1600000000000001
104,5.5,0.45499999999999996
105,7.708333333333333,0.9700000000000001
106,7.833333333333333,1.085
107,8.25,1.03
108,6.916666666666666,0.725
109,8.333333333333332,1.2
110,6.458333333333334,0.62
